[
  {
    "id": 1,
    "title": "Fender Stratocaster El Diablo 1956",
    "description": "Guitar",
    "price": 8500,
    "thumbnails": [
      "https://i.postimg.cc/ydVjPCwk/5.jpg"
    ],
    "code": "a101",
    "stock": 10,
    "category": "Electric Guitar",
    "status": true
  },
  {
    "id": 2,
    "title": "Fender Bass 1969",
    "description": "Guitar Bass",
    "price": 6300,
    "thumbnails": [
      "https://i.postimg.cc/ncskTkwY/7.jpg"
    ],
    "code": "a102",
    "stock": 5,
    "category": "Electric Bass Guitar",
    "status": true
  },
  {
    "id": 3,
    "title": "Gibson Dove 2002",
    "description": "Guitar Acoustic",
    "price": 5350,
    "thumbnails": [
      "https://i.postimg.cc/nz0kSwJT/9.jpg"
    ],
    "code": "a103",
    "stock": 25,
    "category": "Acoustic Guitar",
    "status": true
  },
  {
    "id": 3,
    "title": "Gibson Les Paul VOS 1958",
    "description": "Guitar Electric",
    "price": 6500,
    "thumbnails": [
      "https://i.postimg.cc/4y2Wy22n/1.jpg"
    ],
    "code": "a104",
    "stock": 8,
    "category": "Electric Guitar",
    "status": true
  },
  {
    "id": 4,
    "title": "Fender Stratocaster CS 1969",
    "description": "Guitar Electric",
    "price": 4300,
    "thumbnails": [
      "https://i.postimg.cc/WbK9PKJH/4.jpg"
    ],
    "code": "a105",
    "stock": 7,
    "category": "Electric Guitar",
    "status": true
  },
  {
    "id": 5,
    "title": "Gibson Firebird III 1965",
    "description": "Guitar Electric",
    "price": 3300,
    "thumbnails": [
      "https://i.postimg.cc/qvyGH7rN/3.jpg"
    ],
    "code": "a106",
    "stock": 7,
    "category": "Electric Guitar",
    "status": true
  },
  {
    "id": 6,
    "title": "Gibson Thunderbird IV",
    "description": "Guitar Bass Electric",
    "price": 5600,
    "thumbnails": [
      "https://i.postimg.cc/P5wSf4Wr/8.jpg"
    ],
    "code": "a107",
    "stock": 7,
    "category": "Electric Bass Guitar",
    "status": true
  },
  {
    "id": 7,
    "title": "Fender Telecaster CS 1961",
    "description": "Guitar Electric",
    "price": 4500,
    "thumbnails": [
      "https://i.postimg.cc/VvvFxBsw/6.jpg"
    ],
    "code": "a108",
    "stock": 7,
    "category": "Electric Guitar",
    "status": true
  },
  {
    "id": 8,
    "title": "Gibson Les Paul Black Beauty 1998",
    "description": "Guitar Electric",
    "price": 3500,
    "thumbnails": [
      "https://i.postimg.cc/SRPGk2jM/2.jpg"
    ],
    "code": "a109",
    "stock": 7,
    "category": "Electric Guitar",
    "status": true
  }


  
  





]